cod_departamento,departamento,valor,VB_ACU,cod_municipio,municipio,clase
"13","BOLIVAR","217972","Si cuenta con el servicio","13001","CARTAGENA DE INDIAS","Cabecera municipal",
"13","BOLIVAR","9054","No cuenta con el servicio","13001","CARTAGENA DE INDIAS","Cabecera municipal",
"13","BOLIVAR","15066","Si cuenta con el servicio","13001","CARTAGENA DE INDIAS","Centros poblados",
"13","BOLIVAR","5724","No cuenta con el servicio","13001","CARTAGENA DE INDIAS","Centros poblados",
"13","BOLIVAR","926","Si cuenta con el servicio","13001","CARTAGENA DE INDIAS","Rural disperso",
"13","BOLIVAR","1023","No cuenta con el servicio","13001","CARTAGENA DE INDIAS","Rural disperso",
"13","BOLIVAR","233964","Si cuenta con el servicio","13001","CARTAGENA DE INDIAS","Total",
"13","BOLIVAR","15801","No cuenta con el servicio","13001","CARTAGENA DE INDIAS","Total",
"13","BOLIVAR","1126","Si cuenta con el servicio","13006","ACHI","Cabecera municipal",
"13","BOLIVAR","60","No cuenta con el servicio","13006","ACHI","Cabecera municipal",
"13","BOLIVAR","1260","Si cuenta con el servicio","13006","ACHI","Centros poblados",
"13","BOLIVAR","338","No cuenta con el servicio","13006","ACHI","Centros poblados",
"13","BOLIVAR","1197","Si cuenta con el servicio","13006","ACHI","Rural disperso",
"13","BOLIVAR","1159","No cuenta con el servicio","13006","ACHI","Rural disperso",
"13","BOLIVAR","3583","Si cuenta con el servicio","13006","ACHI","Total",
"13","BOLIVAR","1557","No cuenta con el servicio","13006","ACHI","Total",
"13","BOLIVAR","696","Si cuenta con el servicio","13030","ALTOS DEL ROSARIO","Cabecera municipal",
"13","BOLIVAR","233","No cuenta con el servicio","13030","ALTOS DEL ROSARIO","Cabecera municipal",
"13","BOLIVAR","104","Si cuenta con el servicio","13030","ALTOS DEL ROSARIO","Centros poblados",
"13","BOLIVAR","162","No cuenta con el servicio","13030","ALTOS DEL ROSARIO","Centros poblados",
"13","BOLIVAR","206","Si cuenta con el servicio","13030","ALTOS DEL ROSARIO","Rural disperso",
"13","BOLIVAR","807","No cuenta con el servicio","13030","ALTOS DEL ROSARIO","Rural disperso",
"13","BOLIVAR","1006","Si cuenta con el servicio","13030","ALTOS DEL ROSARIO","Total",
"13","BOLIVAR","1202","No cuenta con el servicio","13030","ALTOS DEL ROSARIO","Total",
"13","BOLIVAR","1105","Si cuenta con el servicio","13042","ARENAL","Cabecera municipal",
"13","BOLIVAR","45","No cuenta con el servicio","13042","ARENAL","Cabecera municipal",
"13","BOLIVAR","305","Si cuenta con el servicio","13042","ARENAL","Centros poblados",
"13","BOLIVAR","138","No cuenta con el servicio","13042","ARENAL","Centros poblados",
"13","BOLIVAR","41","Si cuenta con el servicio","13042","ARENAL","Rural disperso",
"13","BOLIVAR","275","No cuenta con el servicio","13042","ARENAL","Rural disperso",
"13","BOLIVAR","1451","Si cuenta con el servicio","13042","ARENAL","Total",
"13","BOLIVAR","458","No cuenta con el servicio","13042","ARENAL","Total",
"13","BOLIVAR","11037","Si cuenta con el servicio","13052","ARJONA","Cabecera municipal",
"13","BOLIVAR","1974","No cuenta con el servicio","13052","ARJONA","Cabecera municipal",
"13","BOLIVAR","1086","Si cuenta con el servicio","13052","ARJONA","Centros poblados",
"13","BOLIVAR","1472","No cuenta con el servicio","13052","ARJONA","Centros poblados",
"13","BOLIVAR","139","Si cuenta con el servicio","13052","ARJONA","Rural disperso",
"13","BOLIVAR","543","No cuenta con el servicio","13052","ARJONA","Rural disperso",
"13","BOLIVAR","12262","Si cuenta con el servicio","13052","ARJONA","Total",
"13","BOLIVAR","3989","No cuenta con el servicio","13052","ARJONA","Total",
"13","BOLIVAR","529","Si cuenta con el servicio","13062","ARROYOHONDO","Cabecera municipal",
"13","BOLIVAR","379","No cuenta con el servicio","13062","ARROYOHONDO","Cabecera municipal",
"13","BOLIVAR","452","Si cuenta con el servicio","13062","ARROYOHONDO","Centros poblados",
"13","BOLIVAR","136","No cuenta con el servicio","13062","ARROYOHONDO","Centros poblados",
"13","BOLIVAR","15","Si cuenta con el servicio","13062","ARROYOHONDO","Rural disperso",
"13","BOLIVAR","74","No cuenta con el servicio","13062","ARROYOHONDO","Rural disperso",
"13","BOLIVAR","996","Si cuenta con el servicio","13062","ARROYOHONDO","Total",
"13","BOLIVAR","589","No cuenta con el servicio","13062","ARROYOHONDO","Total",
"13","BOLIVAR","1101","Si cuenta con el servicio","13074","BARRANCO DE LOBA","Cabecera municipal",
"13","BOLIVAR","312","No cuenta con el servicio","13074","BARRANCO DE LOBA","Cabecera municipal",
"13","BOLIVAR","295","Si cuenta con el servicio","13074","BARRANCO DE LOBA","Centros poblados",
"13","BOLIVAR","345","No cuenta con el servicio","13074","BARRANCO DE LOBA","Centros poblados",
"13","BOLIVAR","229","Si cuenta con el servicio","13074","BARRANCO DE LOBA","Rural disperso",
"13","BOLIVAR","1257","No cuenta con el servicio","13074","BARRANCO DE LOBA","Rural disperso",
"13","BOLIVAR","1625","Si cuenta con el servicio","13074","BARRANCO DE LOBA","Total",
"13","BOLIVAR","1914","No cuenta con el servicio","13074","BARRANCO DE LOBA","Total",
"13","BOLIVAR","2587","Si cuenta con el servicio","13140","CALAMAR","Cabecera municipal",
"13","BOLIVAR","383","No cuenta con el servicio","13140","CALAMAR","Cabecera municipal",
"13","BOLIVAR","199","Si cuenta con el servicio","13140","CALAMAR","Centros poblados",
"13","BOLIVAR","2080","No cuenta con el servicio","13140","CALAMAR","Centros poblados",
"13","BOLIVAR","11","Si cuenta con el servicio","13140","CALAMAR","Rural disperso",
"13","BOLIVAR","106","No cuenta con el servicio","13140","CALAMAR","Rural disperso",
"13","BOLIVAR","2797","Si cuenta con el servicio","13140","CALAMAR","Total",
"13","BOLIVAR","2569","No cuenta con el servicio","13140","CALAMAR","Total",
"13","BOLIVAR","937","Si cuenta con el servicio","13160","CANTAGALLO","Cabecera municipal",
"13","BOLIVAR","171","No cuenta con el servicio","13160","CANTAGALLO","Cabecera municipal",
"13","BOLIVAR","223","Si cuenta con el servicio","13160","CANTAGALLO","Centros poblados",
"13","BOLIVAR","94","No cuenta con el servicio","13160","CANTAGALLO","Centros poblados",
"13","BOLIVAR","67","Si cuenta con el servicio","13160","CANTAGALLO","Rural disperso",
"13","BOLIVAR","661","No cuenta con el servicio","13160","CANTAGALLO","Rural disperso",
"13","BOLIVAR","1227","Si cuenta con el servicio","13160","CANTAGALLO","Total",
"13","BOLIVAR","926","No cuenta con el servicio","13160","CANTAGALLO","Total",
"13","BOLIVAR","2031","Si cuenta con el servicio","13188","CICUCO","Cabecera municipal",
"13","BOLIVAR","90","No cuenta con el servicio","13188","CICUCO","Cabecera municipal",
"13","BOLIVAR","764","Si cuenta con el servicio","13188","CICUCO","Centros poblados",
"13","BOLIVAR","65","No cuenta con el servicio","13188","CICUCO","Centros poblados",
"13","BOLIVAR","60","Si cuenta con el servicio","13188","CICUCO","Rural disperso",
"13","BOLIVAR","79","No cuenta con el servicio","13188","CICUCO","Rural disperso",
"13","BOLIVAR","2855","Si cuenta con el servicio","13188","CICUCO","Total",
"13","BOLIVAR","234","No cuenta con el servicio","13188","CICUCO","Total",
"13","BOLIVAR","1025","Si cuenta con el servicio","13212","CORDOBA","Cabecera municipal",
"13","BOLIVAR","46","No cuenta con el servicio","13212","CORDOBA","Cabecera municipal",
"13","BOLIVAR","1902","Si cuenta con el servicio","13212","CORDOBA","Centros poblados",
"13","BOLIVAR","504","No cuenta con el servicio","13212","CORDOBA","Centros poblados",
"13","BOLIVAR","77","Si cuenta con el servicio","13212","CORDOBA","Rural disperso",
"13","BOLIVAR","254","No cuenta con el servicio","13212","CORDOBA","Rural disperso",
"13","BOLIVAR","3004","Si cuenta con el servicio","13212","CORDOBA","Total",
"13","BOLIVAR","804","No cuenta con el servicio","13212","CORDOBA","Total",
"13","BOLIVAR","434","Si cuenta con el servicio","13222","CLEMENCIA","Cabecera municipal",
"13","BOLIVAR","2352","No cuenta con el servicio","13222","CLEMENCIA","Cabecera municipal",
"13","BOLIVAR","10","Si cuenta con el servicio","13222","CLEMENCIA","Centros poblados",
"13","BOLIVAR","285","No cuenta con el servicio","13222","CLEMENCIA","Centros poblados",
"13","BOLIVAR","7","Si cuenta con el servicio","13222","CLEMENCIA","Rural disperso",
"13","BOLIVAR","320","No cuenta con el servicio","13222","CLEMENCIA","Rural disperso",
"13","BOLIVAR","451","Si cuenta con el servicio","13222","CLEMENCIA","Total",
"13","BOLIVAR","2957","No cuenta con el servicio","13222","CLEMENCIA","Total",
"13","BOLIVAR","11989","Si cuenta con el servicio","13244","EL CARMEN DE BOLIVAR","Cabecera municipal",
"13","BOLIVAR","514","No cuenta con el servicio","13244","EL CARMEN DE BOLIVAR","Cabecera municipal",
"13","BOLIVAR","379","Si cuenta con el servicio","13244","EL CARMEN DE BOLIVAR","Centros poblados",
"13","BOLIVAR","1154","No cuenta con el servicio","13244","EL CARMEN DE BOLIVAR","Centros poblados",
"13","BOLIVAR","167","Si cuenta con el servicio","13244","EL CARMEN DE BOLIVAR","Rural disperso",
"13","BOLIVAR","3070","No cuenta con el servicio","13244","EL CARMEN DE BOLIVAR","Rural disperso",
"13","BOLIVAR","12535","Si cuenta con el servicio","13244","EL CARMEN DE BOLIVAR","Total",
"13","BOLIVAR","4738","No cuenta con el servicio","13244","EL CARMEN DE BOLIVAR","Total",
"13","BOLIVAR","969","Si cuenta con el servicio","13248","EL GUAMO","Cabecera municipal",
"13","BOLIVAR","43","No cuenta con el servicio","13248","EL GUAMO","Cabecera municipal",
"13","BOLIVAR","398","Si cuenta con el servicio","13248","EL GUAMO","Centros poblados",
"13","BOLIVAR","431","No cuenta con el servicio","13248","EL GUAMO","Centros poblados",
"13","BOLIVAR","9","Si cuenta con el servicio","13248","EL GUAMO","Rural disperso",
"13","BOLIVAR","58","No cuenta con el servicio","13248","EL GUAMO","Rural disperso",
"13","BOLIVAR","1376","Si cuenta con el servicio","13248","EL GUAMO","Total",
"13","BOLIVAR","532","No cuenta con el servicio","13248","EL GUAMO","Total",
"13","BOLIVAR","660","Si cuenta con el servicio","13268","EL PENON","Cabecera municipal",
"13","BOLIVAR","38","No cuenta con el servicio","13268","EL PENON","Cabecera municipal",
"13","BOLIVAR","222","Si cuenta con el servicio","13268","EL PENON","Centros poblados",
"13","BOLIVAR","412","No cuenta con el servicio","13268","EL PENON","Centros poblados",
"13","BOLIVAR","38","Si cuenta con el servicio","13268","EL PENON","Rural disperso",
"13","BOLIVAR","311","No cuenta con el servicio","13268","EL PENON","Rural disperso",
"13","BOLIVAR","920","Si cuenta con el servicio","13268","EL PENON","Total",
"13","BOLIVAR","761","No cuenta con el servicio","13268","EL PENON","Total",
"13","BOLIVAR","669","Si cuenta con el servicio","13300","HATILLO DE LOBA","Cabecera municipal",
"13","BOLIVAR","37","No cuenta con el servicio","13300","HATILLO DE LOBA","Cabecera municipal",
"13","BOLIVAR","1391","Si cuenta con el servicio","13300","HATILLO DE LOBA","Centros poblados",
"13","BOLIVAR","117","No cuenta con el servicio","13300","HATILLO DE LOBA","Centros poblados",
"13","BOLIVAR","78","Si cuenta con el servicio","13300","HATILLO DE LOBA","Rural disperso",
"13","BOLIVAR","230","No cuenta con el servicio","13300","HATILLO DE LOBA","Rural disperso",
"13","BOLIVAR","2138","Si cuenta con el servicio","13300","HATILLO DE LOBA","Total",
"13","BOLIVAR","384","No cuenta con el servicio","13300","HATILLO DE LOBA","Total",
"13","BOLIVAR","20582","Si cuenta con el servicio","13430","MAGANGUE","Cabecera municipal",
"13","BOLIVAR","2436","No cuenta con el servicio","13430","MAGANGUE","Cabecera municipal",
"13","BOLIVAR","6841","Si cuenta con el servicio","13430","MAGANGUE","Centros poblados",
"13","BOLIVAR","2083","No cuenta con el servicio","13430","MAGANGUE","Centros poblados",
"13","BOLIVAR","367","Si cuenta con el servicio","13430","MAGANGUE","Rural disperso",
"13","BOLIVAR","948","No cuenta con el servicio","13430","MAGANGUE","Rural disperso",
"13","BOLIVAR","27790","Si cuenta con el servicio","13430","MAGANGUE","Total",
"13","BOLIVAR","5467","No cuenta con el servicio","13430","MAGANGUE","Total",
"13","BOLIVAR","2208","Si cuenta con el servicio","13433","MAHATES","Cabecera municipal",
"13","BOLIVAR","213","No cuenta con el servicio","13433","MAHATES","Cabecera municipal",
"13","BOLIVAR","2937","Si cuenta con el servicio","13433","MAHATES","Centros poblados",
"13","BOLIVAR","439","No cuenta con el servicio","13433","MAHATES","Centros poblados",
"13","BOLIVAR","171","Si cuenta con el servicio","13433","MAHATES","Rural disperso",
"13","BOLIVAR","487","No cuenta con el servicio","13433","MAHATES","Rural disperso",
"13","BOLIVAR","5316","Si cuenta con el servicio","13433","MAHATES","Total",
"13","BOLIVAR","1139","No cuenta con el servicio","13433","MAHATES","Total",
"13","BOLIVAR","441","Si cuenta con el servicio","13440","MARGARITA","Cabecera municipal",
"13","BOLIVAR","38","No cuenta con el servicio","13440","MARGARITA","Cabecera municipal",
"13","BOLIVAR","988","Si cuenta con el servicio","13440","MARGARITA","Centros poblados",
"13","BOLIVAR","221","No cuenta con el servicio","13440","MARGARITA","Centros poblados",
"13","BOLIVAR","281","Si cuenta con el servicio","13440","MARGARITA","Rural disperso",
"13","BOLIVAR","464","No cuenta con el servicio","13440","MARGARITA","Rural disperso",
"13","BOLIVAR","1710","Si cuenta con el servicio","13440","MARGARITA","Total",
"13","BOLIVAR","723","No cuenta con el servicio","13440","MARGARITA","Total",
"13","BOLIVAR","1086","Si cuenta con el servicio","13442","MARIA LA BAJA","Cabecera municipal",
"13","BOLIVAR","4233","No cuenta con el servicio","13442","MARIA LA BAJA","Cabecera municipal",
"13","BOLIVAR","1650","Si cuenta con el servicio","13442","MARIA LA BAJA","Centros poblados",
"13","BOLIVAR","3505","No cuenta con el servicio","13442","MARIA LA BAJA","Centros poblados",
"13","BOLIVAR","81","Si cuenta con el servicio","13442","MARIA LA BAJA","Rural disperso",
"13","BOLIVAR","859","No cuenta con el servicio","13442","MARIA LA BAJA","Rural disperso",
"13","BOLIVAR","2817","Si cuenta con el servicio","13442","MARIA LA BAJA","Total",
"13","BOLIVAR","8597","No cuenta con el servicio","13442","MARIA LA BAJA","Total",
"13","BOLIVAR","647","Si cuenta con el servicio","13458","MONTECRISTO","Cabecera municipal",
"13","BOLIVAR","279","No cuenta con el servicio","13458","MONTECRISTO","Cabecera municipal",
"13","BOLIVAR","376","Si cuenta con el servicio","13458","MONTECRISTO","Centros poblados",
"13","BOLIVAR","227","No cuenta con el servicio","13458","MONTECRISTO","Centros poblados",
"13","BOLIVAR","191","Si cuenta con el servicio","13458","MONTECRISTO","Rural disperso",
"13","BOLIVAR","2192","No cuenta con el servicio","13458","MONTECRISTO","Rural disperso",
"13","BOLIVAR","1214","Si cuenta con el servicio","13458","MONTECRISTO","Total",
"13","BOLIVAR","2698","No cuenta con el servicio","13458","MONTECRISTO","Total",
"13","BOLIVAR","5755","Si cuenta con el servicio","13468","MOMPOS","Cabecera municipal",
"13","BOLIVAR","121","No cuenta con el servicio","13468","MOMPOS","Cabecera municipal",
"13","BOLIVAR","2870","Si cuenta con el servicio","13468","MOMPOS","Centros poblados",
"13","BOLIVAR","972","No cuenta con el servicio","13468","MOMPOS","Centros poblados",
"13","BOLIVAR","622","Si cuenta con el servicio","13468","MOMPOS","Rural disperso",
"13","BOLIVAR","406","No cuenta con el servicio","13468","MOMPOS","Rural disperso",
"13","BOLIVAR","9247","Si cuenta con el servicio","13468","MOMPOS","Total",
"13","BOLIVAR","1499","No cuenta con el servicio","13468","MOMPOS","Total",
"13","BOLIVAR","1441","Si cuenta con el servicio","13473","MORALES","Cabecera municipal",
"13","BOLIVAR","133","No cuenta con el servicio","13473","MORALES","Cabecera municipal",
"13","BOLIVAR","814","Si cuenta con el servicio","13473","MORALES","Centros poblados",
"13","BOLIVAR","206","No cuenta con el servicio","13473","MORALES","Centros poblados",
"13","BOLIVAR","163","Si cuenta con el servicio","13473","MORALES","Rural disperso",
"13","BOLIVAR","2351","No cuenta con el servicio","13473","MORALES","Rural disperso",
"13","BOLIVAR","2418","Si cuenta con el servicio","13473","MORALES","Total",
"13","BOLIVAR","2690","No cuenta con el servicio","13473","MORALES","Total",
"13","BOLIVAR","36","Si cuenta con el servicio","13490","NOROSI","Cabecera municipal",
"13","BOLIVAR","425","No cuenta con el servicio","13490","NOROSI","Cabecera municipal",
"13","BOLIVAR","40","Si cuenta con el servicio","13490","NOROSI","Centros poblados",
"13","BOLIVAR","275","No cuenta con el servicio","13490","NOROSI","Centros poblados",
"13","BOLIVAR","2","Si cuenta con el servicio","13490","NOROSI","Rural disperso",
"13","BOLIVAR","1562","No cuenta con el servicio","13490","NOROSI","Rural disperso",
"13","BOLIVAR","78","Si cuenta con el servicio","13490","NOROSI","Total",
"13","BOLIVAR","2262","No cuenta con el servicio","13490","NOROSI","Total",
"13","BOLIVAR","701","Si cuenta con el servicio","13549","PINILLOS","Cabecera municipal",
"13","BOLIVAR","124","No cuenta con el servicio","13549","PINILLOS","Cabecera municipal",
"13","BOLIVAR","1453","Si cuenta con el servicio","13549","PINILLOS","Centros poblados",
"13","BOLIVAR","1020","No cuenta con el servicio","13549","PINILLOS","Centros poblados",
"13","BOLIVAR","320","Si cuenta con el servicio","13549","PINILLOS","Rural disperso",
"13","BOLIVAR","1165","No cuenta con el servicio","13549","PINILLOS","Rural disperso",
"13","BOLIVAR","2474","Si cuenta con el servicio","13549","PINILLOS","Total",
"13","BOLIVAR","2309","No cuenta con el servicio","13549","PINILLOS","Total",
"13","BOLIVAR","799","Si cuenta con el servicio","13580","REGIDOR","Cabecera municipal",
"13","BOLIVAR","37","No cuenta con el servicio","13580","REGIDOR","Cabecera municipal",
"13","BOLIVAR","413","Si cuenta con el servicio","13580","REGIDOR","Centros poblados",
"13","BOLIVAR","22","No cuenta con el servicio","13580","REGIDOR","Centros poblados",
"13","BOLIVAR","57","Si cuenta con el servicio","13580","REGIDOR","Rural disperso",
"13","BOLIVAR","98","No cuenta con el servicio","13580","REGIDOR","Rural disperso",
"13","BOLIVAR","1269","Si cuenta con el servicio","13580","REGIDOR","Total",
"13","BOLIVAR","157","No cuenta con el servicio","13580","REGIDOR","Total",
"13","BOLIVAR","1138","Si cuenta con el servicio","13600","RIO VIEJO","Cabecera municipal",
"13","BOLIVAR","50","No cuenta con el servicio","13600","RIO VIEJO","Cabecera municipal",
"13","BOLIVAR","314","Si cuenta con el servicio","13600","RIO VIEJO","Centros poblados",
"13","BOLIVAR","54","No cuenta con el servicio","13600","RIO VIEJO","Centros poblados",
"13","BOLIVAR","96","Si cuenta con el servicio","13600","RIO VIEJO","Rural disperso",
"13","BOLIVAR","763","No cuenta con el servicio","13600","RIO VIEJO","Rural disperso",
"13","BOLIVAR","1548","Si cuenta con el servicio","13600","RIO VIEJO","Total",
"13","BOLIVAR","867","No cuenta con el servicio","13600","RIO VIEJO","Total",
"13","BOLIVAR","1292","Si cuenta con el servicio","13620","SAN CRISTOBAL","Cabecera municipal",
"13","BOLIVAR","54","No cuenta con el servicio","13620","SAN CRISTOBAL","Cabecera municipal",
"13","BOLIVAR","372","Si cuenta con el servicio","13620","SAN CRISTOBAL","Centros poblados",
"13","BOLIVAR","27","No cuenta con el servicio","13620","SAN CRISTOBAL","Centros poblados",
"13","BOLIVAR","19","Si cuenta con el servicio","13620","SAN CRISTOBAL","Rural disperso",
"13","BOLIVAR","20","No cuenta con el servicio","13620","SAN CRISTOBAL","Rural disperso",
"13","BOLIVAR","1683","Si cuenta con el servicio","13620","SAN CRISTOBAL","Total",
"13","BOLIVAR","101","No cuenta con el servicio","13620","SAN CRISTOBAL","Total",
"13","BOLIVAR","2636","Si cuenta con el servicio","13647","SAN ESTANISLAO","Cabecera municipal",
"13","BOLIVAR","166","No cuenta con el servicio","13647","SAN ESTANISLAO","Cabecera municipal",
"13","BOLIVAR","882","Si cuenta con el servicio","13647","SAN ESTANISLAO","Centros poblados",
"13","BOLIVAR","183","No cuenta con el servicio","13647","SAN ESTANISLAO","Centros poblados",
"13","BOLIVAR","58","Si cuenta con el servicio","13647","SAN ESTANISLAO","Rural disperso",
"13","BOLIVAR","93","No cuenta con el servicio","13647","SAN ESTANISLAO","Rural disperso",
"13","BOLIVAR","3576","Si cuenta con el servicio","13647","SAN ESTANISLAO","Total",
"13","BOLIVAR","442","No cuenta con el servicio","13647","SAN ESTANISLAO","Total",
"13","BOLIVAR","477","Si cuenta con el servicio","13650","SAN FERNANDO","Cabecera municipal",
"13","BOLIVAR","22","No cuenta con el servicio","13650","SAN FERNANDO","Cabecera municipal",
"13","BOLIVAR","863","Si cuenta con el servicio","13650","SAN FERNANDO","Centros poblados",
"13","BOLIVAR","322","No cuenta con el servicio","13650","SAN FERNANDO","Centros poblados",
"13","BOLIVAR","218","Si cuenta con el servicio","13650","SAN FERNANDO","Rural disperso",
"13","BOLIVAR","417","No cuenta con el servicio","13650","SAN FERNANDO","Rural disperso",
"13","BOLIVAR","1558","Si cuenta con el servicio","13650","SAN FERNANDO","Total",
"13","BOLIVAR","761","No cuenta con el servicio","13650","SAN FERNANDO","Total",
"13","BOLIVAR","33","Si cuenta con el servicio","13654","SAN JACINTO","Cabecera municipal",
"13","BOLIVAR","5251","No cuenta con el servicio","13654","SAN JACINTO","Cabecera municipal",
"13","BOLIVAR","2","Si cuenta con el servicio","13654","SAN JACINTO","Centros poblados",
"13","BOLIVAR","442","No cuenta con el servicio","13654","SAN JACINTO","Centros poblados",
"13","BOLIVAR","8","Si cuenta con el servicio","13654","SAN JACINTO","Rural disperso",
"13","BOLIVAR","457","No cuenta con el servicio","13654","SAN JACINTO","Rural disperso",
"13","BOLIVAR","43","Si cuenta con el servicio","13654","SAN JACINTO","Total",
"13","BOLIVAR","6150","No cuenta con el servicio","13654","SAN JACINTO","Total",
"13","BOLIVAR","568","Si cuenta con el servicio","13655","SAN JACINTO DEL CAUCA","Cabecera municipal",
"13","BOLIVAR","65","No cuenta con el servicio","13655","SAN JACINTO DEL CAUCA","Cabecera municipal",
"13","BOLIVAR","255","Si cuenta con el servicio","13655","SAN JACINTO DEL CAUCA","Centros poblados",
"13","BOLIVAR","393","No cuenta con el servicio","13655","SAN JACINTO DEL CAUCA","Centros poblados",
"13","BOLIVAR","34","Si cuenta con el servicio","13655","SAN JACINTO DEL CAUCA","Rural disperso",
"13","BOLIVAR","917","No cuenta con el servicio","13655","SAN JACINTO DEL CAUCA","Rural disperso",
"13","BOLIVAR","857","Si cuenta con el servicio","13655","SAN JACINTO DEL CAUCA","Total",
"13","BOLIVAR","1375","No cuenta con el servicio","13655","SAN JACINTO DEL CAUCA","Total",
"13","BOLIVAR","4309","Si cuenta con el servicio","13657","SAN JUAN NEPOMUCENO","Cabecera municipal",
"13","BOLIVAR","2333","No cuenta con el servicio","13657","SAN JUAN NEPOMUCENO","Cabecera municipal",
"13","BOLIVAR","499","Si cuenta con el servicio","13657","SAN JUAN NEPOMUCENO","Centros poblados",
"13","BOLIVAR","1297","No cuenta con el servicio","13657","SAN JUAN NEPOMUCENO","Centros poblados",
"13","BOLIVAR","11","Si cuenta con el servicio","13657","SAN JUAN NEPOMUCENO","Rural disperso",
"13","BOLIVAR","623","No cuenta con el servicio","13657","SAN JUAN NEPOMUCENO","Rural disperso",
"13","BOLIVAR","4819","Si cuenta con el servicio","13657","SAN JUAN NEPOMUCENO","Total",
"13","BOLIVAR","4253","No cuenta con el servicio","13657","SAN JUAN NEPOMUCENO","Total",
"13","BOLIVAR","1466","Si cuenta con el servicio","13667","SAN MARTIN DE LOBA","Cabecera municipal",
"13","BOLIVAR","228","No cuenta con el servicio","13667","SAN MARTIN DE LOBA","Cabecera municipal",
"13","BOLIVAR","599","Si cuenta con el servicio","13667","SAN MARTIN DE LOBA","Centros poblados",
"13","BOLIVAR","478","No cuenta con el servicio","13667","SAN MARTIN DE LOBA","Centros poblados",
"13","BOLIVAR","25","Si cuenta con el servicio","13667","SAN MARTIN DE LOBA","Rural disperso",
"13","BOLIVAR","741","No cuenta con el servicio","13667","SAN MARTIN DE LOBA","Rural disperso",
"13","BOLIVAR","2090","Si cuenta con el servicio","13667","SAN MARTIN DE LOBA","Total",
"13","BOLIVAR","1447","No cuenta con el servicio","13667","SAN MARTIN DE LOBA","Total",
"13","BOLIVAR","4683","Si cuenta con el servicio","13670","SAN PABLO","Cabecera municipal",
"13","BOLIVAR","483","No cuenta con el servicio","13670","SAN PABLO","Cabecera municipal",
"13","BOLIVAR","321","Si cuenta con el servicio","13670","SAN PABLO","Centros poblados",
"13","BOLIVAR","371","No cuenta con el servicio","13670","SAN PABLO","Centros poblados",
"13","BOLIVAR","174","Si cuenta con el servicio","13670","SAN PABLO","Rural disperso",
"13","BOLIVAR","859","No cuenta con el servicio","13670","SAN PABLO","Rural disperso",
"13","BOLIVAR","5178","Si cuenta con el servicio","13670","SAN PABLO","Total",
"13","BOLIVAR","1713","No cuenta con el servicio","13670","SAN PABLO","Total",
"13","BOLIVAR","81","Si cuenta con el servicio","13673","SANTA CATALINA","Cabecera municipal",
"13","BOLIVAR","1316","No cuenta con el servicio","13673","SANTA CATALINA","Cabecera municipal",
"13","BOLIVAR","12","Si cuenta con el servicio","13673","SANTA CATALINA","Centros poblados",
"13","BOLIVAR","1974","No cuenta con el servicio","13673","SANTA CATALINA","Centros poblados",
"13","BOLIVAR","7","Si cuenta con el servicio","13673","SANTA CATALINA","Rural disperso",
"13","BOLIVAR","206","No cuenta con el servicio","13673","SANTA CATALINA","Rural disperso",
"13","BOLIVAR","100","Si cuenta con el servicio","13673","SANTA CATALINA","Total",
"13","BOLIVAR","3496","No cuenta con el servicio","13673","SANTA CATALINA","Total",
"13","BOLIVAR","1514","Si cuenta con el servicio","13683","SANTA ROSA","Cabecera municipal",
"13","BOLIVAR","2797","No cuenta con el servicio","13683","SANTA ROSA","Cabecera municipal",
"13","BOLIVAR","42","Si cuenta con el servicio","13683","SANTA ROSA","Rural disperso",
"13","BOLIVAR","363","No cuenta con el servicio","13683","SANTA ROSA","Rural disperso",
"13","BOLIVAR","1556","Si cuenta con el servicio","13683","SANTA ROSA","Total",
"13","BOLIVAR","3160","No cuenta con el servicio","13683","SANTA ROSA","Total",
"13","BOLIVAR","4071","Si cuenta con el servicio","13688","SANTA ROSA DEL SUR","Cabecera municipal",
"13","BOLIVAR","26","No cuenta con el servicio","13688","SANTA ROSA DEL SUR","Cabecera municipal",
"13","BOLIVAR","763","Si cuenta con el servicio","13688","SANTA ROSA DEL SUR","Centros poblados",
"13","BOLIVAR","39","No cuenta con el servicio","13688","SANTA ROSA DEL SUR","Centros poblados",
"13","BOLIVAR","281","Si cuenta con el servicio","13688","SANTA ROSA DEL SUR","Rural disperso",
"13","BOLIVAR","2162","No cuenta con el servicio","13688","SANTA ROSA DEL SUR","Rural disperso",
"13","BOLIVAR","5115","Si cuenta con el servicio","13688","SANTA ROSA DEL SUR","Total",
"13","BOLIVAR","2227","No cuenta con el servicio","13688","SANTA ROSA DEL SUR","Total",
"13","BOLIVAR","1505","Si cuenta con el servicio","13744","SIMITI","Cabecera municipal",
"13","BOLIVAR","80","No cuenta con el servicio","13744","SIMITI","Cabecera municipal",
"13","BOLIVAR","1052","Si cuenta con el servicio","13744","SIMITI","Centros poblados",
"13","BOLIVAR","406","No cuenta con el servicio","13744","SIMITI","Centros poblados",
"13","BOLIVAR","151","Si cuenta con el servicio","13744","SIMITI","Rural disperso",
"13","BOLIVAR","999","No cuenta con el servicio","13744","SIMITI","Rural disperso",
"13","BOLIVAR","2708","Si cuenta con el servicio","13744","SIMITI","Total",
"13","BOLIVAR","1485","No cuenta con el servicio","13744","SIMITI","Total",
"13","BOLIVAR","2042","Si cuenta con el servicio","13760","SOPLAVIENTO","Cabecera municipal",
"13","BOLIVAR","224","No cuenta con el servicio","13760","SOPLAVIENTO","Cabecera municipal",
"13","BOLIVAR","2","Si cuenta con el servicio","13760","SOPLAVIENTO","Rural disperso",
"13","BOLIVAR","35","No cuenta con el servicio","13760","SOPLAVIENTO","Rural disperso",
"13","BOLIVAR","2044","Si cuenta con el servicio","13760","SOPLAVIENTO","Total",
"13","BOLIVAR","259","No cuenta con el servicio","13760","SOPLAVIENTO","Total",
"13","BOLIVAR","1397","Si cuenta con el servicio","13780","TALAIGUA NUEVO","Cabecera municipal",
"13","BOLIVAR","43","No cuenta con el servicio","13780","TALAIGUA NUEVO","Cabecera municipal",
"13","BOLIVAR","1182","Si cuenta con el servicio","13780","TALAIGUA NUEVO","Centros poblados",
"13","BOLIVAR","104","No cuenta con el servicio","13780","TALAIGUA NUEVO","Centros poblados",
"13","BOLIVAR","55","Si cuenta con el servicio","13780","TALAIGUA NUEVO","Rural disperso",
"13","BOLIVAR","249","No cuenta con el servicio","13780","TALAIGUA NUEVO","Rural disperso",
"13","BOLIVAR","2634","Si cuenta con el servicio","13780","TALAIGUA NUEVO","Total",
"13","BOLIVAR","396","No cuenta con el servicio","13780","TALAIGUA NUEVO","Total",
"13","BOLIVAR","486","Si cuenta con el servicio","13810","TIQUISIO","Cabecera municipal",
"13","BOLIVAR","911","No cuenta con el servicio","13810","TIQUISIO","Cabecera municipal",
"13","BOLIVAR","795","Si cuenta con el servicio","13810","TIQUISIO","Centros poblados",
"13","BOLIVAR","301","No cuenta con el servicio","13810","TIQUISIO","Centros poblados",
"13","BOLIVAR","305","Si cuenta con el servicio","13810","TIQUISIO","Rural disperso",
"13","BOLIVAR","1421","No cuenta con el servicio","13810","TIQUISIO","Rural disperso",
"13","BOLIVAR","1586","Si cuenta con el servicio","13810","TIQUISIO","Total",
"13","BOLIVAR","2633","No cuenta con el servicio","13810","TIQUISIO","Total",
"13","BOLIVAR","19528","Si cuenta con el servicio","13836","TURBACO","Cabecera municipal",
"13","BOLIVAR","4579","No cuenta con el servicio","13836","TURBACO","Cabecera municipal",
"13","BOLIVAR","47","Si cuenta con el servicio","13836","TURBACO","Centros poblados",
"13","BOLIVAR","827","No cuenta con el servicio","13836","TURBACO","Centros poblados",
"13","BOLIVAR","137","Si cuenta con el servicio","13836","TURBACO","Rural disperso",
"13","BOLIVAR","792","No cuenta con el servicio","13836","TURBACO","Rural disperso",
"13","BOLIVAR","19712","Si cuenta con el servicio","13836","TURBACO","Total",
"13","BOLIVAR","6198","No cuenta con el servicio","13836","TURBACO","Total",
"13","BOLIVAR","1625","Si cuenta con el servicio","13838","TURBANA","Cabecera municipal",
"13","BOLIVAR","1336","No cuenta con el servicio","13838","TURBANA","Cabecera municipal",
"13","BOLIVAR","476","Si cuenta con el servicio","13838","TURBANA","Centros poblados",
"13","BOLIVAR","95","No cuenta con el servicio","13838","TURBANA","Centros poblados",
"13","BOLIVAR","182","Si cuenta con el servicio","13838","TURBANA","Rural disperso",
"13","BOLIVAR","225","No cuenta con el servicio","13838","TURBANA","Rural disperso",
"13","BOLIVAR","2283","Si cuenta con el servicio","13838","TURBANA","Total",
"13","BOLIVAR","1656","No cuenta con el servicio","13838","TURBANA","Total",
"13","BOLIVAR","2633","Si cuenta con el servicio","13873","VILLANUEVA","Cabecera municipal",
"13","BOLIVAR","1755","No cuenta con el servicio","13873","VILLANUEVA","Cabecera municipal",
"13","BOLIVAR","1","Si cuenta con el servicio","13873","VILLANUEVA","Centros poblados",
"13","BOLIVAR","369","No cuenta con el servicio","13873","VILLANUEVA","Centros poblados",
"13","BOLIVAR","72","Si cuenta con el servicio","13873","VILLANUEVA","Rural disperso",
"13","BOLIVAR","193","No cuenta con el servicio","13873","VILLANUEVA","Rural disperso",
"13","BOLIVAR","2706","Si cuenta con el servicio","13873","VILLANUEVA","Total",
"13","BOLIVAR","2317","No cuenta con el servicio","13873","VILLANUEVA","Total",
"13","BOLIVAR","2404","Si cuenta con el servicio","13894","ZAMBRANO","Cabecera municipal",
"13","BOLIVAR","136","No cuenta con el servicio","13894","ZAMBRANO","Cabecera municipal",
"13","BOLIVAR","47","No cuenta con el servicio","13894","ZAMBRANO","Centros poblados",
"13","BOLIVAR","5","Si cuenta con el servicio","13894","ZAMBRANO","Rural disperso",
"13","BOLIVAR","366","No cuenta con el servicio","13894","ZAMBRANO","Rural disperso",
"13","BOLIVAR","2409","Si cuenta con el servicio","13894","ZAMBRANO","Total",
"13","BOLIVAR","549","No cuenta con el servicio","13894","ZAMBRANO","Total",
